1 ;Laundry time ;1 ;Jl. Ketintang Baru III No.52 B, Ketintang, Kec. Gayungan, Surabaya,Jawa Timur 60231 ;Open 24 Hours,Delivery,Express ;gambar\laundry time.jpg ;-7.316384877388277, 112.73038530719742
pratamalaundry@gmail.com ;Pratama Laundry ;PratamaLaundry2 ;Jl. Ketintang Bar. Indah, RT.08/RW.06, Ketintang, Kec. Gayungan, Surabaya, Jawa Timur 60232 ;Express ;gambar\Pratama laundry.jpg ;-7.3116472474290655, 112.72116788788934
aliflaundry@gmail.com ;Alif Laundry ;AlifLaundry3 ;Jl. Ketintang Baru XII No.8, Ketintang, Kec. Gayungan, Surabaya, Jawa Timur 60231 ;Delivery,Express ;gambar\Alif laundry.jpg ;-7.316487096614939, 112.72897018435212
rapiyolaundry@gmail.com ;Rapiyo Laundry ;RapiyoLaundry4 ;Jl. Jetis Kulon 1 No.79, RT.009/RW.04, Wonokromo, Kec. Wonokromo, Surabaya, Jawa Timur 60243 ;Express ;gambar\Rapiyo laundry.webp ;-7.305093215647298, 112.7283632526775
yulalaundry@gmail.com ;Yula Laundry ;YulaLaundry5 ;Jl. Jetis Agraria Gg. I No.28, Wonokromo, Kec. Wonokromo, Surabaya, Jawa Timur 60243 ;Open 24 Hours,Express ;gambar\Yula Laundry.jpg ;-7.309740645965369, 112.73304548496189
ABClaundryketintang@gmail.com ;ABC Laundry Ketintang ;ABCLaundryKetintang6 ;Jl. Ketintang Timur PTT Gg. V No.3, Ketintang, Kec. Gayungan, Surabaya, Jawa Timur 60231 ;Express ;gambar\abc laundry.jpg ;-7.311958827315525, 112.73131381148272
bellalaundry@gmail.com ;Bella Laundry ;Bellalaundry7 ;Jl. Jetis Kulon VI No.10c, Wonokromo, Kec. Wonokromo, Surabaya, Jawa Timur 60243 ;Delivery,Express ;gambar\bella laundry.webp ;-7.308296058856275, 112.73180576369325
bavinalaundry@gmail.com ;Bavina laundry ;Bavinalaundry8 ;Jl. Karangrejo Sawah No.14/8, Wonokromo, Surabaya, Jawa Timur 60243 ;Express ;gambar\bavina laundry.jpg ;-7.30632206243354, 112.72859486004552
NADINELAUNDRY@gmail.com ;NADINE LAUNDRY ;NADINElaundry9 ;Jl. Ketintang Wiyata No No.200 Q, Ketintang, Kec. Gayungan, Surabaya, Jawa Timur 60231 ;Delivery,Express ;gambar\nadine laundry.jpg ;-7.316839224152896, 112.72535567553145
lilyLaundry@gmail.com ;Lily Laundry ;Lilylaundry10 ;Jl. Ketintang Wiyata, Ketintang, Kec. Gayungan, Surabaya, Jawa Timur 60231 ;Delivery,Express ;gambar\lily laundry.jpg ;-7.317571912374314, 112.72569385319085
juraganlaundry@gmail.com ;Juragan Laundry ;Juraganlaundry11 ;Jl. Ketintang Baru III No.56a, Ketintang, Kec. Gayungan, Surabaya, Jawa Timur 60231 ;Delivery,Express ;gambar\juragan laundry.jpg ;-7.317742175606827, 112.72569385319085
nabiballaundry@gmail.com ;Nabibal Laundry ;Nabiballaundry12 ;Jl. Ketintang Baru XVIII No.4, Ketintang, Kec. Gayungan, Surabaya, Jawa Timur 60231 ;Express ;gambar\Nabibal Laundry.jpg ;-7.318650376249347, 112.7290927210293
outfreshlaundry@gmail.com ;Outfresh Laundry ;Outfreshlaundry13 ;Jl. Ketintang Baru XII No.22A, Ketintang, Kec. Gayungan, Surabaya, Jawa Timur 60231 ;Express ;gambar\Outfresh Laundry.jpg ;-7.316326931098584, 112.72836342088118
LOTUSLAUNDRY@gmail.com ;LOTUS LAUNDRY ;LOTUSlaundry14 ;Lotus Regency, Blok D29 Ruko, Jl. Ketintang Baru Sel. I, Ketintang, Kec. Gayungan, Surabaya, Jawa Timur 60231 ;Open 24 Hours,Delivery,Express ;gambar\Lotus laundry.webp ;-7.324841246371081, 112.72640384383995
YeLaundry@gmail.com ;Ye Laundry ;Yelaundry15 ;"Jl. Ketintang Tengah IV No.9, Ketintang, Kec. Gayungan, Surabaya, Jawa Timur 60231 ;Delivery,Express ;gambar\Ye Laundry.webp
MR.BEANLAUNDRY@gmail.com ;MR.BEAN LAUNDRY(LAUNDRY COIN) ;MR.BEAN LAUNDRY(LAUNDRY COIN )16 ;Jl. Ketintang Baru III No.50D, Ketintang, Kec. Gayungan, Surabaya, Jawa Timur 60231"" ";Express ;gambar\MR.BEAN LAUNDRY (LAUNDRY COIN ).jpg ;-7.316699926933341, 112.73031053605014
LaundryOKilos@gmail.com ;Laundry O Kilo's ;LaundryOKilos17 ;Jl. Ketintang No.20, Ketintang, Kec. Gayungan, Surabaya, Jawa Timur 60231 ;Express ;gambar\laundry O kilos.png ;-7.312464897685988, 112.73242532016155      
LaundryTheDailyWashKetintang@gmail.com ;Laundry The Daily Wash ;LaundryTheDailyWashKetintang18 ;Jl. Ketintang No.169, Ketintang, Kec. Wonokromo, Surabaya, Jawa Timur 60231 ;Open 24 Hours,Delivery,Express ;gambar\Laundry The Daily Wash Ketintang.jpg ;-7.309570379681077, 112.7308882439897
Greenasrilaundrysby@gmail.com ;GREEN ASRI LAUNDRY SURABAYA ;Greenasrilaundrysby19 ;Jl. Sakura Regency Blk. N - O No.12, Surabaya, Jawa Timur 60231 ;Delivery,Express ;gambar\GREEN ASRI LAUNDRY SURABAYA.jpg ;-7.317983617765018, 112.7376191271938
SmileCleanLaundryKetintang@gmail.com ;Smile Clean Laundry Ketintang ;SmileCleanLaundryKetintang20 ;Jl. Ketintang Baru Sel. I Blok D No.38, Ketintang, Kec. Gayungan, Surabaya, Jawa Timur 60235 ;Delivery,Express ;gambar\Smile Clean Laundry Ketintang.jpg ;-7.324705846454827, 112.72705046658163
LaundrySpot@gmail.com ;Laundry Spot ;LaundrySpot21 ;Jl. Ketintang Brt. No.52, RW.06, Karah, Kec. Jambangan, Surabaya, Jawa Timur 60232 ;Open 24 Hours,Delivery,Express ;gambar\Laundry Spot.jpg ;-7.308409432145652, 112.72290044850048
QuickLaundry@gmail.com ;Quick Laundry ;QuickLaundry22 ;Jl. Jetis Kulon Gang VI No.25, Ketintang, Kec. Wonokromo, Surabaya, Jawa Timur 60243 ;Express ;gambar\Quick Laundry.jpg ;-7.308804180598581, 112.73164606564767
RavinLaundry@gmail.com ;Ravin Laundry ;RavinLaundry23 ;Jl. Ketintang 1 No.25, Wonokromo, Kec. Wonokromo, Surabaya, Jawa Timur 60243 ;Express ;gambar\Ravin Laundry.webp ;-7.307258533003092, 112.7263620122157
KenLaundry@gmail.com ;Ken Laundry ;KenLaundry24 ;Jl. Ketintang Timur PTT Gg. V Gg. II No.38, Ketintang, Kec. Gayungan, Surabaya, Jawa Timur 60231 ;Delivery ;gambar\Ken Laundry.jpg ;-7.310256170008049, 112.73020463856608
QueenLaundryCoinElectric@gmail.com ;Queen Laundry Coin Electric ;QueenLaundryCoinElectric25 ;Jl. Ketintang No.24, Ketintang, Kec. Wonokromo, Surabaya, Jawa Timur 60231 ;Express ;gambar\Queen Laundry Coin Electric.jpg ;-7.30804270580457, 112.72504817142196
BOSlaundry@gmail.com ;BOS LAUNDRY ;BOSlaundry26 ;Jl. Ketintang Madya No.148b, Ketintang, Kec. Gayungan, Surabaya, Jawa Timur 60231 ;Delivery,Express ;gambar\BOS LAUNDRY.jpg ;-7.310000770852048, 112.72436152593585
GreenClean@gmail.com ;Green Clean ;GreenClean27 ;Jl. Ketintang No.80, Wonokromo, Kec. Wonokromo, Surabaya, Jawa Timur 60231 ;Express ;gambar\Green Clean.jpg ;-7.309103589443745, 112.72744602093053
SalmaLaundryDryAndCleaning@gmail.com ;Salma Laundry Dry And Cleaning ;SalmaLaundryDryAndCleaning28 ;Jl. Karangrejo VI No.85, Wonokromo, Kec. Wonokromo, Surabaya, Jawa Timur 60243 ;Express ;gambar\Salma Laundry Dry And Cleaning.jpg ;-7.307242333606232, 112.7285629436403
DianLaundry@gmail.com ;Dian Laundr ;DianLaundry29 ;Jl. Margorejo No.77, Margorejo, Kec. Wonocolo, Surabaya, Jawa Timur 60238 ;Delivery,Express ;gambar\Dian Laundry.jpg ;-7.314271782301387, 112.73861871195616
LaundryZone@gmail.com ;Laundry Zone ;LaundryZone30 ;Jl. Gayungsari Barat No.4, Gayungan, Kec. Gayungan, Surabaya, Jawa Timur 60235 ;Delivery,Express ;gambar\Laundry Zone.jpg ;1.23456,1.234567

